MANIFESTATIONS SPORTIVES 2009/2010,,,,,,,
,,,,,,,
  MANIFESTATIONS MAJEURES,,,,,,,
NB : Les nouvelles manifestations sont indiques en gras,,,,,,,
,,,,,,,
,,,,,,,
,,,,,,,
Mois,"Date

",Manifestations,Type,Lieux,Organisateurs,Secteur,Quartiers
juil-09,"1

","R‚union saisonniers terrestres aux Sports

",,"Les Espaces Loges - Stadium
(Espace Nord 1er ‚tage)
","Secteur des A.P.S - Tlse Sport

",Sud Est,5.3
juil-09,"2 et 3


","Tournoi de Foot en Salle


",,"Grande Salle - Arnaun‚


","Association Si T Libre


",Nord,3.1
juil-09,"3 au 5



","6Šme National Estivale de P‚tanque de la
Ville de Toulouse


",,"Parvis du Stadium
Esplanade des Halls 7 et 8


","Toulouse P‚tanque Organisation



",Sud Est,5.3
juil-09,"3,10, 17
24, 31

","""Sous les Toiles"" Edition 2009


",,"Terrain Andr‚ Daste


","Association KARAVAN


",Sud Est,5.3
juil-09,"4

","Grand Prix Cycliste d'Empalot

",,"Quartier d'Empalot

","Empalot V‚lo Club

",Sud Est,5.3
juil-09,"4

","Loto

",,"La Halle de Bagatelle

","Stop … la Violence

",Rive Gauche,2.3
juil-09,"4

","Rassemblement des anciens adh‚rents

",,"Club House
Complexe Sportif de l'Hers
","T.U.C - Section Rugby

",Est,4.3
juil-09,"4

","Le Grand Sud

",,"Argoulets

","A.S.E.S.T - Les S‚n‚galais

",Est,4.3
juil-09,"4

","M‚choui

",,"Gironis

","Tlse Athl‚tic Club - Football

",Ouest,6.5
juil-09,"5

","6Šme Edition ""La Toulousaine""

",,"Sanitaires / Barada

","La Toulousaine - Fˆtes et C‚r‚monies

",,
juil-09,"11 au 30 Ao–t

","Toulouse Plage

",,"Prairie des Filtres
Quai de la Daurade
","Service des Sports

",Rive Gauche,2.1
juil-09,"6, 7, 8, 17, 24, 27
16, 20, 21, 24","D‚parts ""S‚jours de Vacances""
Retours ""S‚jours de Vacances ""




",,"Parking Stadium




","Service Enfance et Loisirs




",Sud Est,5.3
juil-09,"15

","Entrainement - S‚ance de d‚dicaces

",,"
Espaces Sud
Stadium
","Toulouse Football Club

",Sud Est,5.3
juil-09,"18

","Challenge Sola Ren‚

",,"Boulodrome

","La Boule d'Or

",Sud Est,5.3
juil-09,"19

","Concours

",,"Boulodrome

","S.O.B P‚tanque

",Est,4.1
juil-09,"26

","Equipe de France F‚minine Rugby … XIII lors d'une journ‚e de s‚lection
",,"Stade Struxiano

","Union Sportive Tlse Jules Julien XIII

",Sud Est,5.1
ao–t-09,"1er
","Concours de P‚tanque
",,"Boulodrome
",P‚tanque H‚racles,,
ao–t-09,"7, 10, 11, 14
7, 21, 24, 25, 28","D‚parts ""S‚jours de Vacances""
Retours ""S‚jours de Vacances ""




",,"Parking Stadium




","Service Enfance et Loisirs




",Sud Est,5.3
ao–t-09,16,"Concours de P‚tanque

",,Boulodrome,La Boule du Rugby,,
ao–t-09,21,Concour de Boules,,Boulodrome,Amicale Bouliste Pradette,,
ao–t-09,29,Concours,,Boulodrome,Club Bouliste le Tracassin,,
sept-09,4 et 5,Tournoi Interne,,Tennis des Ponts Jumeaux,Tennis Club Mairie de Toulouse,Nord,3.2
sept-09,"4, 5, 6",Tournoi Europ‚en de Rugby Fauteuil,, Salles du Complexe Arnaun‚,Stade Toulousain Rugby Handisport,Nord,3.1
sept-09,5,Concours officiel,,Boulodrome Soupetard,Club Bouliste Soupetard,Est,4.2
sept-09,6,Concours de boules annuel,,Colonne Marengo,Amicale Bouliste Colonne Marengo,Est,4.2
sept-09,6,Course de nage en eau Libre Eau Toulouse,,Complexe Sportif  la Ram‚e,Club ASPTT Natation,Ouest,6.2
sept-09,"10

","Concours de P‚tanque

",,"Boulodrome Place Baudouin

","P‚tanque Casselardit

",Ouest,6.1
sept-09,12,Tournoi Airbus + Buffet,,Stadium - Espaces Loges,TOAC Basket,,
sept-09,12,A.G. + Match TMB,,Gymnase Compans + VIP,Toulouse M‚tropole Basket,Centre,1.2
sept-09,12,Championnat Inter-Club National 3,,GIAT - Pierre Montan‚,Volant Club Toulousain,Ouest,6.1
sept-09,12 et 13,Open de Toulouse,,Cosec Mirail,Comit‚ D‚partemental Tennis de Table,Ouest,6.3
sept-09,13,Concours de P‚tanque,,Place du Ravelin,Amicale P‚tanque Club du Ravelin,Rive Gauche,2.1
sept-09,13,Concours officiel de P‚tanque,,Boulodrome Croix Daurade,Club P‚tanque Croix Daurade,Est,3.4
sept-09,13,Vide Grenier,,Struxiano,Jules Julien XIII,Sud Est,5.1
sept-09,16,S‚minaire Agence Imagine Events,,Stadium - Club Affaire,FRAM / T.F.C.,Sud Est,5.3
sept-09,18,Hippodrome de Toulouse,,Hippodrome de Toulouse,Hippodrome de Toulouse,Ouest,6.1
sept-09,20,Toulouse / Zaragoza,,Mairie de Toulouse,Daniel Faucher + Piscine Alban Minville,Sud Est,5.3
sept-09,20,"Tournoi Poussins Benjamins
Inauguration Terrain Synth‚tique",,Complexe Sportif de l'Hers,A.S. Hersoise,Est,4.3
sept-09,20,Challenge Michel CASTILLO,,Boulodrome Croix Daurade,Amicale bouliste Croix Daurade,Est,4.3
sept-09,20,Concours de Boules,,Boulodrome Saint Simon,L'Avenir de la P‚tanque de Saint Simon,Ouest,6.4
sept-09,23,"R‚union  Monsieur le Maire

",,Reynerie - Gymnase,Madame CLASTRES - Mission GPV,Ouest,6.4
sept-09,26,Fˆte de Quartier,,Amouroux,MJC Croix Daurade,Est,3.4
sept-09,26,Remise des R‚compenses AG,,Arnaun‚ - Gymnase,Toulouse Olympique XIII,Nord,3.1
sept-09,26,Concours,,Boulodrome,"S.O.B P‚tanque

",Est,4.1
sept-09,26,Concours,,Boulodrome,Club Bouliste le Tracassin,Centre,1.2
sept-09,"26 et 27

","La Fˆte de la Lutte OuvriŠre

"," 

","Parc de la MounŠde

","Lutte OuvriŠre

",,
sept-09,"26 et 27

","Dressage

",,"Club Hippique de Pech David

","Club Hippique de Pech David

",Sud Est,5.2
sept-09,"26 et 27

",week End Sport en famille,,Bellevue - Piscine,F‚d‚ration Sportvie d'Etudes Sportives,Sud Est,5.2
sept-09,"27

",Stages R‚gionaux,,Toulouse Lautrec - Gymnase du Lyc‚e,Comit‚ R‚gional Tae Kwon Do,Nord,3.1
sept-09,"27

",Concours de P‚tanque,,Boulodrome Minimes,La Boule du Rugby,Nord,3.1
sept-09,"27 et 28

",Fˆtes du YOM KIPPOUR,,Compans - Gymnase,A.C.I.T.,Centre,1.2
sept-09,30,Inauguration City Stade,,City Stade TABAR,Ville de Toulouse / Desbals Jeunes,Rive Gauche,2.3
oct-09,"1

","Concours de P‚tanque


",,Boulodrome Dubarry,Bouling Club de Roguet,Ouest,6.1
oct-09,3 et 4,"Concours de P‚tanque


",,Boulodrome Raspail,Raspail C“te Pav‚e P‚tanque,,
oct-09,4,"Concours de P‚tanque


",,Place du Ravelin,Club  P‚tanque Ravelin,Rive Gauche,2.1
oct-09," 4

",Soir‚e  des Clubs,,"Mermoz
Stadium","Service des Sports

",Sud Est,5.3
oct-09,"4

",Vide Grenier,,Chƒteau de l'Hers,Club Patinage Tlse Limayrac,Est,4.3
oct-09,7,Conf‚rence de Presse Monsieur le Maire,,Stadium - Terrain nø2,Communaut‚ Urbaine,Sud Est,5.3
oct-09,"9, 10 et 11

","Championnat du Grand Sud de Dressage Ecole Nationale V‚t‚rinaire

",,Ecole V‚t‚rinaire,"Club Hippique de Pech David

",Sud Est,5.2
oct-09,10,Conf‚rence J.C. Baque,,Club House TUC Rugby,TUC Rugby,Est,4.3
oct-09,"10

","Loto

",,"La Halle de Bagatelle

","Stop … la Violence

",Rive Gauche,2.3
oct-09,11,Journ‚e d'Int‚gration - Nouveaux ‚tudiants,,GIAT - Pierre Montan‚,Amicale des Gabonais,Ouest,6.1
oct-09,"11

",Hippodrome de Toulouse,,Hippodrome de Toulouse,Hippodrome de Toulouse,Ouest,6.1
oct-09,11,"Tournoi de Foot


",,Rangueil,Toulouse Rangueil Football Club,Sud Est,5.2
oct-09,11,Concours Officiel de Triplette,,Place Roger Arnaud,P‚tanque  Pont des Demoiselles,Sud Est,5.1
oct-09,16,Baga 'Course,,Bagatelle - Vincent Serrer,Inspection Acad‚mique,Rive Gauche,2.3
oct-09,17,Inauguration City StadeTABAR,,Place Andr‚ Mathieu,Cabinet du Maire,Ouest,2.3
oct-09,17,La P‚tanque de mon quartier Saint Georges,,Place Saint Georges,Saint Georges Mon quartier,Centre,1.1
oct-09,"17 et 18

",1er Tour Crit‚rium F‚d‚ral,,Cosec Mirail,Comit‚ D‚partemental Tennis de Table,Ouest,6.3
oct-09,"17 et 18

",Tournoi Jeunes,,GIAT - Pierre Montan‚,Volant Club Toulousain,Ouest,6.1
oct-09,"18

",Challenge Jeunes de Can”e Kayak,,Bras de la Loge,Cano‰ Kayak Toulousain,Sud Est,5.3
oct-09,"18

",Concours Doublettes,,Boulodrome,P‚tanque Club Amouroux,Est,3.4
oct-09,20,Cross du CollŠge Croix Daurade,,Cazal Lapujade,CollŠge Croix Daurade,Est,4.1
oct-09,"20 et 21

",France / Irlande Futsal, ,Palais des Sports,Ligue Midi Pyr‚n‚es de Football,Centre,1.2
oct-09," 21

",Cross du Lyc‚e,,Marcel Cerdan,LEP Mirail,,
oct-09,"22

",Tournoi,,Saint Sernin,Lyc‚e Ozenne,Centre,1.2
oct-09,22,S‚lection France Angleterre,,Arnaun‚ - Gymnase,Stade Toulousain Rugby Handisport,Nord,3.1
oct-09,22,Cross Annuel,,Ponts Jumeaux,CollŠge Ponts Jumeaux,Nord,3.2
oct-09,"23

",Foul‚e Milles Pattes,,"Prairie des Filtres
Stadium
","Secteur des A.P.S - Tlse Sport

",Sud Est,5.3
oct-09,"24

",Inauguration Boulodromme JO BARGAS,,Boulodrome - Place de Bagatelle,"Service des Sports

",Rive Gauche,2.3
oct-09,"24 et 25

",Open T.K.D,"*

",Compans,Comit‚ R‚gional Tae Kwon Do,Centre,1.2
oct-09,25,Eliminatoire Championnat de France Savate,,GIAT - Pierre Montan‚,Ligue Midi Pyr‚n‚es Savate,Ouest,6.1
oct-09,25,Concours de P‚tanque,,Place du Ravelin,P‚tanque Ravelin,Rive Gauche,2.1
oct-09,"26,27,28 et 30",Tournoi International Rugby XIII R‚ception Equipe Nouvelle Z‚lande,,Arnaun‚ - Terrain,Toulouse Olympique XIII,Nord,3.1
oct-09,"29 et 30

",Echanges autour de Pratiques Sportives Free Style,,la Faourette - Gymnase et Terrains,Association Solidarit‚ Jeunesse Inter,Rive Gauche,2.3
oct-09,"31

",Foire aux Jouets et V‚tements,,"La Halle de Bagatelle

","Stop … la Violence

",Rive Gauche,2.3
oct-09,"31

",Stage Perfectionnement,,Pradettes,Club de Karat‚ Pradettes,Ouest,6.2
oct-09,"31 et 1er Nov

",Coupe de France Rugby XIII,,Arnaun‚ - Gymnase,Stade Toulousain Rugby Handisport,Nord,3.1
nov-09,"2,3 et 4",Echanges autour de Pratiques Sportives Foot Salle,,Faourette - Gymnase,Association Solidarit‚ Jeunesse Internationale,Rive Gauche,2.3
nov-09,4 et 5,Soir‚e B‚n‚voles et Soir‚e Partenaires,,Arnaun‚ - Club House + Terrain Rugby Honneur,Toulouse Olympique XIII,Nord,3.1
nov-09,"4 et 11

",Hippodrome de Toulouse,,Hippodrome de Toulouse,Hippodrome de Toulouse,Ouest,6.1
nov-09,"7

","Concours de P‚tanque

",,Boulodrome Dubarry,Bouling Club de Roguet,Ouest,6.1
nov-09,"7 et 8

","Concours de tir en salle

",,Gymnase de Gironis,Tlse Athl‚tic Club - Tir … l'Arc,Ouest,6.5
nov-09," 8

",Finale Ligue Elite B Savate,,Giat - Pierre Montan‚,Ligue Midi Pyr‚n‚es Savate,Ouest,6.1
nov-09,9 et 10,Cross,,Lac Gironis,CollŠge Reynerie,Ouest,6.5
nov-09,"10

",Cross d'Etablissment,,Struxiano,CollŠge Anatole France,Sud Est,5.1
nov-09,10 et 11,Soir‚e et Tournoi Tennis de Table,,ASPTT - Soupetard,ASPTT,Est,4.3
nov-09,11,Marche Mondiale pour la Paix,,"Parking Stadium sous le pont




",Mille et un motards,Sud Est,5.3
nov-09,11,Championnats r‚gionaux Handisport,,Piscine Pech David,Comit‚ R‚gional Handisport,Sud Est,5.2
nov-09,"13

",FRANCE / AFRIQUE DU SUD  Rugby,,Stadium,F‚d‚ration Fran‡aise de Rugby,Sud Est,5.3
nov-09,14,Alg‚rie / Egypte,,Bagatelle - Halle,"Stop … la Violence

",Rive Gauche,2.3
nov-09,14,Inauguration City Stade Poudrerie,,City Stade Poudrerie,Cabinet du Maire,sud Est,5.3
nov-09,"14


","Tcup, TOULOUSE cup
Tournoi … 4 de KICK BOXING
(mise en place le 13 d‚montage le 15)", ,Compans,Tago Gym,Centre,1.2
nov-09,15,Concours Hippique,,Pech David,"Club Hippique de Pech David

",Sud Est,5.2
nov-09,15,Vide Grenier,,Struxiano,A.S. Maccabi Toulouse,Sud Est,5.1
nov-09,15,Concours de P‚tanque,,Place du Ravelin,Club de P‚tanque du Ravelin,Rive Gauche,2.1
nov-09,"18


",Comp‚tition Dpt Individuel,,Piscine Nakache,UGSEL,Sud Est,5.3
nov-09,18,Retransmission t‚l‚vis‚e                 Alg‚rie / Egypte,,Bagatelle - Halle,"Stop … la Violence

",Rive Gauche,2.3
nov-09,20,Parlement du Sport,,M‚diathŠque,Monsieur Brian‡on,Centre,1.2
nov-09,"21


",Gala de Catch,,Compans,Asso. 2 FC Catch,Centre,1.2
nov-09,"21


",Rencontre Inter Club Boxe Educative,,Faourette - Salle de Boxe,Boxing Toulouse Bagatelle,Rive Gauche,2.3
nov-09,"21 et 22


",24Šme Tournoi de Badminton,,GIAT - Pierre Montan‚,TOAC Badminton,Ouest,6.1
nov-09,26,"T‚l‚thon - AprŠs Midi ""Olympiades""",,Sordelo,Facult‚ de M‚decine de Toulouse,Sud Est,5.2
nov-09,26,Cross Ecole El‚mentaire,,Grande Plaine,Ecole El‚mentaire Jean Mace,Est,4.3
nov-09,"28


",1er Tour Championnat par  Equipes Jeunes,,Cosec Mirail,Comit‚ D‚partemental Tennis de Table,Ouest,6.3
nov-09,28,Repas froid au Club House,,Arnaune - Club House,TO XIII,,
nov-09,"28


",Championnat Inter-Club National 3,,GIAT - Pierre Montan‚,Volant Club Toulousain,Ouest,6.1
nov-09,28 et 29,Tournoi Foot et Volley,,Toulouse Lautrec,Association Kanaks de Toulouse,Nord,3.1
nov-09,29,Concours de P‚tanque,,Place du Ravelin,Club de P‚tanque du Ravelin,Rive Gauche,2.1
nov-09,29,Valtoulousaine,,"Argoulets -  Gymnase

",Communaut‚ d'Agglom‚ration,Est,4.3
nov-09,29,Finale Ligue Elite B Savate,,Cerdan,Ligue Midi Pyr‚n‚es Savate,Ouest,6.2
nov-09,29, Inter-Club R‚gionaux,,GIAT - Pierre Montan‚,Volant Club Toulousain,Ouest,6.1
d‚cembre-09,"5 et 6

","2Šme tour Crit‚rium F‚d‚ral
",,Cosec Mirail,Comit‚ D‚partemental Tennis de Table,,
d‚cembre-09,"5

","Prˆt de mat‚rile ""Fˆte des Sports""",,Soupetard - ASPTT,ASPTT Grand Toulouse,,
d‚cembre-09,"6

",Hippodrome de Toulouse,,Hippodrome de Toulouse,Hippodrome de Toulouse,,
d‚cembre-09,"6

",Stage R‚gional Technique,,Toulouse Lautrec Gymnase du Lyc‚e,Comit‚ R‚gional Tae Kwon Do,,
d‚cembre-09,"12

",3Šme Edition du Troph‚e Oxyjeune,,Piscine Nakache,"F‚d‚ration Fran‡aise d'Etudes et de Sports
sous-marins",,
d‚cembre-09,"12

","M‚dailles du T.O.A.C ""1Šre R‚union""",,Piscine L‚o Lagrange,T.O.A.C - Natation,,
d‚cembre-09,"13

",Passage de Grade R‚gional,,Toulouse Lautrec Gymnase du Lyc‚e,Comit‚ R‚gional Tae Kwon Do,,
d‚cembre-09,"16 au 20

","2Šme Edition Masters de France de Tennis
(P‚riode d'indisponibilit‚ entre le 10 et 23 D‚c.)","*

","Compans, Palais des Sports",Ligue Midi-Pyr‚n‚es deTennis,,
d‚cembre-09,"19

",Championnat Inter-Club National 3,,Gymnase P. Montan‚ (G.I.A.T),Volant Club Toulousain,,
janv-10,12,R‚union,,Stadium - Espaces Loges,Dauphins du Toec,Sud Est,5.3
janv-10,"16


","Finale Championnat Midi Pyr‚n‚es(cadets, juniors mixte)",,GIAT - Pierre Montan‚,Racing Club Montan‚ Toulouse,Ouest,6.1
janv-10,"16


",Arbre de No‰l,,Arnaune,Toulouse Olympique XIII,Nord,3.1
janv-10,"16 et 17


","3Šme Tour Crit‚rium F‚d‚ral
",,Cosec Mirail,Comit‚ D‚partemental Tennis de Table,Ouest,6.3
janv-10,17,Championnat R‚gional,,Piscine L‚o Lagrange,CHOKS Hockey - Subaquatique Toulouse,Centre,1.1
janv-10,20,Projet Delta - Secourisme,,Piscine Bellevue,Ecole Sup‚rieure de Commerce,Sud Est,5.2
janv-10,20,Tournois R‚gionaux Rugby … XIII,,Argoulets - Terrains,UGSEL,Est,4.3
janv-10,"22, 23, 24


","Meeting National I.R.S.O
Comp‚tition de r‚f‚rence qualificative aux ‚preuves nationales


",,Piscine L‚o Lagrange,Comit‚ Midi-Pyr‚n‚es de Natation,Centre,1.1
janv-10,"23


","3Šme Tour Crit‚rium F‚d‚ral
",,Cosec Mirail,Comit‚ D‚partemental Tennis de Table,Ouest,6.3
janv-10,"23


",Comp‚titon R‚gionale,,Piscine Bellevue,Club Toulousain Sport Adapt‚,Sud Est,5.2
janv-10,23,Championnat de France F‚minine,,Toulouse Lautrec - Gymnase du Lyc‚e,Association des Sourds de Tolosa,Nord,3.1
janv-10,23.24,Championnat s de France Individuel de GR, ,Palais des Sports + Compans,Coquelicot Toulouse Gym,Centre,1.2
janv-10,24,France/Espagne/Japon, ,Palais des Sports,Ligue Midi Pyr‚n‚es de Karat‚,Centre,1.2
janv-10,23 et 24,Les Marsupilamis,,Rangueil,Coquelicot Toulouse Gym,Sud Est,5.2
janv-10,24,Championnat Midi Pyr‚n‚es Savate Boxe Fran‡aise - 4Šme s‚rie Minimes Cadets,,Pradettes - Gymnase,Club Karat‚ Boxe Fran‡aise des Pradettes,Ouest,6.2
janv-10,26,Tournoi Badminton inter ‚coles,,GIAT - Pierre Montan‚,Ecole Fabre,Ouest,6.1
janv-10,27,Projet Delta - Secourisme,,Piscine Bellevue,Ecole Sup‚rieure de Commerce,Sud Est,5.2
janv-10,27,Comp‚tion Super R‚gional Individuel,,Piscine L‚o Lagrange,UGSEL,Centre,1.1
janv-10,29,Loto Annuel,,Lardenne - Gymnase,Association Toulouse Lardenne,Ouest,6.2
janv-10,30,Festival ICAM,,GIAT - Pierre Montan‚,ICAM,Ouest,6.1
janv-10,30,Inauguration Avenue de Fronton,,Club House TO XIII,Cabinet du Maire,Nord,3.1
janv-10,30 et 31,Concours de P‚tanque,,Bonnefoy - Archives,Sport Olympique Bonnefoy P‚tanque,Nord,3.4
janv-10,31,Finale Ligue Gar‡ons Fille Savate,,Faourette,Ligue Midi Pyr‚n‚es Savate,Rive Gauche,2.3
janv-10,31,Tournoi Foot en Salle,,Reynerie - Gymnase,Ambition Jeunesse Royal King,Ouest,6.4
janv-10,31,Tournoi Inter R‚gion Kayak Polo,,L‚o Lagrange,Cano‰ Kayak Toulousain,Centre,1.3
f‚vrier-10,3,Cross Ecole El‚mentaire,,Maourine,Ecole de la Maourine,Nord,3.4
f‚vrier-10,3,Projet Delta - Secourisme,,Piscine Bellevue,Ecole Sup‚rieure de Commerce,Sud Est,5.2
f‚vrier-10,6,Rencontre Escalade,,Mirail,PyrŠne Montagne,Ouest,6.3
f‚vrier-10,6, Championnat de France Elite A  Savate,,GIAT - Pierre Montan‚,Ligue Midi Pyr‚n‚es Savate,Ouest,6.1
f‚vrier-10,6,Championnats r‚gionaux Handisport,,Piscine Pech David,Comit‚ R‚gional Handisport,Sud Est,5.2
f‚vrier-10,6,Gala Boxe Amateur,,Faourette,Boxing Toulouse Bagatelle,Ouest,6.3
f‚vrier-10,"6 et 7

",Championnat Ligue de Combats enfants et Championnat Ligue KATAS Seniors … Poussins,,Compans,Ligue Midi Pyr‚n‚es de Karat‚,Centre,1.2
f‚vrier-10,"6 et 7

",Championnat Inter D‚partemental ensemble GR,,Cerdan,Coquelicot Toulouse Gym,Ouest,6.2
f‚vrier-10,7,Finale Championnat de France Technique Savate,,GIAT - Pierre Montan‚,Ligue Midi Pyr‚n‚es Savate,Ouest,6.1
f‚vrier-10,"7


",Troph‚e Monsieur IZARD,,Piscine L‚o Lagrange,Toulouse Olympique Palmes,Centre,1.1
f‚vrier-10,7,Championnat R‚gional Sambo,,la Faourette,Toulouse Faourette Sports,Ouest,6.3
f‚vrier-10,10,Projet Delta - Secourisme,,Piscine Bellevue,Ecole Sup‚rieure de Commerce,Sud Est,5.2
f‚vrier-10,10,Tournois R‚gionaux de Rugby … XIII,,Argoulets - Terrain,UGSEL,Est,4.2
f‚vrier-10,12,Nuit du Volley Ball,,Toulouse Lautrec - Gymnase du Lyc‚e et CollŠge,Stade Toulousain Volley Ball,Centre,3.1
f‚vrier-10,"13


","M‚dailles du T.O.A.C ""3Šmes R‚union""",,Piscine L‚o Lagrange,T.O.A.C - Natation,Centre,1.1
f‚vrier-10,13,Rencontre Escalade,,Mirail,PyrŠne Montagne,Ouest,6.3
f‚vrier-10,"13


",Championnat Inter-Club National 3,,GIAT - Pierre Montan‚,Volant Club Toulousain,Ouest,6.1
f‚vrier-10,14,Championnat Inter-Club R‚gionaux,,GIAT - Pierre Montan‚,Volant Club Toulousain,Ouest,6.1
f‚vrier-10,"20

",Comp‚titon de Boxe,,Faourette,Boxing Tlse Bagatelle,Ouest,6.3
f‚vrier-10,"21

",Tournoi de Badminton,,Puig - Gymnase,Association Toulousaine des Etudiants Mauriciens,Ouest,6.3
f‚vrier-10,21,Boxe Fran‡aise Karat‚ Kyoken Shin,,GIAT - Pierre Montan‚,Tago Gym,Ouest,6.1
f‚vrier-10,24,Tournoi de Basket,,Puig - Gymnase,Association Stagiaires et Etudiants S‚n‚galais,Ouest,6.3
f‚vrier-10,24,Confrontation entre Etudiants et Personnes du Sport Adapt‚,,Arnaune - Gymnase,IFMK H“pital Purpan,Nord,3.1
f‚vrier-10,27,12h de Sport pour Ha‹ti,,C‚piŠre,AGATE,Rive Gauche,2.3
f‚vrier-10,27 et  28,Coupe de France Sud Arts Martiaux Vietnamiens,,Compans,Comit‚ D‚partemental de Karat‚,Centre,1.2
f‚vrier-10,28,Stage R‚gional Technique,,Toulouse Lautrec - Gymnase du Lyc‚e,Comit‚ R‚gional Tae Kwon Do,Nord,3.1
mars-10,5,Loto,,Centre Socio Culturel Saint Simon,Etoile Sportive Saint Simon,Ouest,6.4
mars-10,"5, 6 et 7

",Comp‚tition Nationale Course,"*

",Piscine L‚o Lagrange,Dauphins du Toec,Centre,1.1
mars-10,"6


",Championnat Inter-Club National 3,,GIAT - Pierre Montan‚,Volant Club Toulousain,Ouest,6.1
mars-10,"6 et 7

",4Šme Tour Crit‚rium F‚d‚ral,,Cosec Mirail,Comit‚ D‚partemental Tennis de Table,Ouest,6.3
mars-10,9,Parlement du Sport - D‚veloppement durable,,Stadium - Espace Loge 1er ‚tage,Direction des Sports,Sud Est,5.3
mars-10,9,R‚union de concertation,,Daste - Gymnase,Mission GPV,Sud Est,5.3
mars-10,11 au 13,R‚ception Equipes Anglaises et Italiennes,,Complexe de l'Hers,TUC Rugby,Est,4.3
mars-10,"12,13,14",Euroligue 2 de Basket,,Compans,Toulouse Invalide Club,Centre,1.2
mars-10,13,Championnat Inter R‚gional KATA / Combat Coupe de France Jutsu, ,L‚o Lagrange,Ligue Midi Pyr‚n‚es de Karat‚,Centre,1.1
mars-10,13,IAE - Demande de Mat‚riel - Coupe de France,,INSA,IAE ( M. Blanchot),,
mars-10,13,AprŠs midi solidaire pour Ha‹ti,,Corbarieu - Terrains,Toulouse Empalot Football Club,Sud Est,5.3
mars-10,13,Loto - Demande de mat‚riel,,Daniel Faucher,SATUC Athl‚tisme,Sud Est,5.3
mars-10,13,Championnat de France Elite B Savate,,GIAT - Pierre Montan‚,Toulouse Multi Boxe,Ouest,6.1
mars-10,13 et 14,Tournoi des Pyr‚n‚es,,L‚o Lagrange - Piscine,CHOKS Hockey Subaquatique Toulouse,Centre,1.1
mars-10,13 et 14,12Šme Edition Tournoi de Printemps,,Cosec Mirail - Nouveau Gymnase,TARATRA,Ouest,6.3
mars-10,"12,13 et 14",Festival Capoiera,,"Gironis

",Capoeiragem,Ouest,6.5
mars-10,14,Boxe Fran‡aise Karat‚ Kyoken Shin,,Montane GIAT,Tago Gym,Ouest,6.1
mars-10,14,Elections R‚gionales,,L‚o Lagrange + Pierre et Marie Curie + Ernest Renan,Elections - Affaires Militaires,,
mars-10,14,Test de D‚tection,,Ile du Ramier - Kayak,P“le France Kayak,Sud Est,5.3
mars-10,16,Parlement du Sport - Fabrique Urbaine,,Stadium - Espace Loge 1er ‚tage,Direction des Sports,Sud Est,5.3
mars-10,17,Tournois Nationaux de Rugby XIII,,Argoulets - Terrains,UGSEL,Est,4.3
mars-10,20,Championnat R‚gional Seniors,,GIAT - Pierre Montan‚,Racing Club Montan‚ Toulouse,Ouest,6.1
mars-10,20,Loto,,Daste,Monsieur Toulouse - Fonds d'initiative pour les habitants,Sud Est,5.3
mars-10,20,Cr‚mation Monsieur Carnaval,,Ecole des 7 Deniers,Ecole des 7 Deniers,Nord,3.2
mars-10,20,Championnats r‚gionaux Handisport,,Piscine Pech David,Comit‚ R‚gional Handisport,Sud Est,5.2
mars-10,20,Demande de mat‚riel - Manifestation inter‚gionale.,,ASPTT,ASPTT - Tennis de Table,,
mars-10,20et 21,Tournoi Volley - Basket,,"le 20 - Cosec Mirail
le 21 - Cerdan- Basket
",Association d'Etudiants d'origine Malgache,Ouest,6.3
mars-10,"20 et 21

",Championnat National Individuel,,Piscine L‚o Lagrange,UGSEL,,
mars-10,20et 21,Championnat R‚gional Ep‚e,,"Gironis

",Club d'Escrime Toulousain,Ouest,6.5
mars-10,21,Championnat R‚gional GAM,,Cosec Rangueil,Coquelicot Toulouse Gym,Sud Est,5.2
mars-10,21,Comp‚tition Tennis de Table,,Cosec Mirail,Comit‚ D‚partemental de Tennis de Table,Ouest,6.3
mars-10,21,Challenge Andr‚ Barth‚lemy, ,Pradettes,Judo Club des Pradettes,Ouest,6.2
mars-10,21,Elections R‚gionales,,L‚o Lagrange + Pierre et Marie Curie + Ernest Renan,Elections - Affaires Militaires,,
mars-10,23,Petit Treize primaire (1000 participants),,Struxiano - Terrains Synth‚tique et Herbe,UGSEL,Sud Est,5.1
mars-10,26,Carnaval avec cr‚mation,,Amouroux - Stabilis‚,Ecole Michoun / AH Scolaires,Nord,3.4
mars-10,27,Journ‚es Portes Ouvertes - Vide Grenier,,Parking Gymnase Lalande,CollŠge Lalande,Nord,3.3
mars-10,"27

","M‚dailles du T.O.A.C ""Finales""", ,Piscine L‚o Lagrange,T.O.A.C - Natation,Centre,1.1
mars-10,"27 et 28

",Championnats r‚gionaux V‚t‚rans et Seniors,,GIAT - Pierre Montan‚,Volant Club Toulousain,Ouest,6.1
mars-10,"27 et 28

",4Šme Tour Crit‚rium F‚d‚ral,,Cosec Mirail,Comit‚ D‚partemental Tennis de Table,Ouest,6.3
mars-10,28,32Šme tournoi de Fleuret,,Universite Paul Sabatier,TUC Escrime,,
mars-10,31,Championnat Acad‚mie de Gym,,Rangueil,UNSS Haute Garonne,Ouest,6.3
mars-10,31,Projet Delta - Secourisme,,Piscine Bellevue,Ecole Sup‚rieure de Commerce,Sud Est,5.2
mars-10,31,Carnaval Bagatelle Faourette,,Bagatelle - la Halle,Animation Socio culturelle,Rive Gauche,2.3
mars-10,31,Conf‚rence Citoyenne des Jeunes Citoyens Supporters du T.F.C.,,Stadium - Club Affaire et Bod‚ga,Jeunes Citoyens Supporters,Sud Est,5.3
mars-10,31,Handiff‚rence,,Daste /  Corbarieu,ARTIVITY,Sud Est,5.3
mars-10,31,D‚couverte Volley Ball,,Palais des Sports,Spacer's Tlse Volley Ball + un maillon pour la vie,Centre,1.2
avr-10,2,Nuit du Shaolin, ,Palais des Sports,Shaolin Toulouse,Centre,1.2
avr-10,2,Rencontres Inter Ecoles,,Struxiano - Terrains Synth‚tique et Herbe,Inspection Acad‚mique,Sud Est,5.1
avr-10,2 et 5,Tournoi International Handibad,,Arnaune,Ligue Midi Pyr‚n‚es Badminton,Nord,3.1
avr-10,3,Contest Skateboard,,Skate Park Borderouge,ARA,Nord,3.4
avr-10,3,Projet Delta - Triathlon,,Pech David  + Piscine,Ecole Sup‚rieure de Commerce - Mr Bachelier,Sud Est,5.2
avr-10,3 et 4,Tournoi de Pƒques de Boules Lyonnaises,,Boulodrome Victor Garcia - Ren‚ Canzzo,Comit‚ D‚partemental 31,,
avr-10,3 et 4,Evasion Tropicale Tournoi sportif,,Nakache,Tropik FC,Sud Est,5.3
avr-10,4,Tournoi Foot en Salle,,Faourette,Association des Etudiants S‚n‚galais,ouest,6.3
avr-10,4,Concours de P‚tanque,,Papus - Boulodrome,Papus P‚tanque Club,Rive Gauche,2.3
avr-10,"7

","Comp‚tition R‚gional  Promotionnel et Crit‚rium par Equipe

",,Alban Minville,UGSEL,Sud Est,5.3
avr-10,10,Concours de P‚tanque,,Boulodrome Jo Bargas,Club de P‚tanque de Bagatelle,Rive Gauche,2.3
avr-10,10,12h de Sport pour Ha‹ti,,Lautrec - Gymnase + Foot Herbe,AGATE,Nord,3.1
avr-10,10,Repas des B‚n‚voles,,Lardenne - Gymnase,Les Restaurants du C?ur,Ouest,6.2
avr-10,10 et 11,Championnat de France Jeune,,Argoulets - Gymnase,F‚d‚ration Fran‡aise WUSHU,Est,4.3
avr-10,"10 et 11



","Demi-Finale de Zone Sud-Ouest de G.R.S divisions f‚d‚rales et nationales
(mise en place le 9 aprŠs-midi,
 d‚montage le 12 au matin)


"," 







",Palais des Sports - Compans,Coquelicot Toulouse Gym.,Centre,1.2
avr-10,10,Championnat D‚partemental de Gym Artistique F‚minin,,Rangueil,Coquelicot Toulouse Gym.,Ouest,6.3
avr-10,28,Journ‚es des Sports,,La Ram‚e (avec CU),Institut Catholique de Toulouse,Ouest,6.4
avr-10,29,Concours de P‚tanque,,Mirail - Boulodromme,Boule d'Or,Ouest,6.3
avr-10,30,Vente aux enchŠres (pas de doc au 11/02/2010),,Stadium - Espace Sud,Association Brice TATON,Sud Est,5.3
avr-10,30,Loto du CADL,,Gymnase Lardenne,Collectif Association de Lardenne,Ouest,6.2
mai-10,1,Tournoi de Foot,,Rangueil,Toulouse Rangueil Football Club,Sud Est,5.2
mai-10,1,Tournoi Sixte Entreprise,,"Gironis

",TAC Foot,Ouest,6.5
mai-10,1,Vide Grenier,,Boulodrome Amidonniers,Service Navigation Toulouse,Trait‚,
mai-10,1,Journ‚e de Festivit‚,,Pradettes,Association Culturelle CAFES ESPOIR,Ouest,6.2
mai-10,1,Tournoi Annuel,,Complexe de l'Hers,A.S. Hersoise,Est,4.3
mai-10,1,Tournoi de Foot,,Canto Laouzetto,A.S.T.M,Ouest,6.3
mai-10,"1 et 2




","Demi-Finale Sud de Trampoline et Sports Acrobatiques
(mise en place le 29 aprŠs-midi, d‚montage le 3 au matin)

", ,Compans,Coquelicot Toulouse Gym.,Centre,1.2
mai-10,2,Fˆte des Socialistes,,MounŠde,Les Socialistes des Sections 11 et 12,Ouest,6.4
mai-10,2,Vide Grenier,,Plateau Sportif Alain Fournier,Ecole El‚mentaire Alain Fournier,Nord,3.1
mai-10,2,Concours de P‚tanque,,Place du Ravelin,Amicale P‚tanque Club du Ravelin,,
mai-10,4,Parlement du Sport - Vie des Clubs,,Stadium - Espace Loge 1er ‚tage,Direction des Sports,Sud Est,5.3
mai-10,7 et 8,Comm‚moration Abolition de l'Esclavage,,Palais des Sports - Salon VIP 1,"F‚d‚ration Association ultramarine de Midi Pyr‚n‚es ""F.A.U""",Centre,1.2
mai-10,8,Tournoi de Foot … 7,,Pradettes,Toulouse Sport et Amiti‚s,Ouest,6.2
mai-10,8,Challenge inter entreprises,,La Ram‚e (avec CU),DELI (Communaut‚ Urbaine),Ouest,6.4
mai-10,8 au 18,Convention Jonglerie - Boudu la Jongle,,"Argoulets

",Assoc Par Haz'Art,Est,4.3
mai-10,8 et 9,Championnat R‚gional Jeunes Badminton,,Montane GIAT,Volant Club Toulousain,Ouest,6.1
mai-10,9,Concours de P‚tanque,,Place du Ravelin,Amicale P‚tanque Club du Ravelin,,
mai-10,9,Loto,,Boulodrome,Amicale Bouliste Colonne Marengo,,
mai-10,9,Vide Grenier,,Mirail,Association L'Etude,Ouest,6.3
mai-10,9,Tournoi fin de saison,,Toulouse Lautrec,Stade Toulousain Volley Ball,Nord,3.1
mai-10,9,Boxe Fran‡aise Karat‚ Kyoken Shin,,Montane GIAT,Tago Gym,ouest,6.1
mai-10," 11

",Cross de l'Ecole,,Cazal Lapujade,Ecole ‚l‚mentaire Cuvier,Nord,3.1
mai-10,12 et 13,Championnat de France Scolaire de Judo, ,"Argoulets - Nouveau Gymnase + (Maison du Judo avec la Communaut‚ Urbaine)

",UNSS Toulouse,Est,4.3
mai-10,12,Concours Officiel,,Place Baudouin,Club P‚tanque Casselardit,,
mai-10,12,Course d'endurance,,Amouroux,Ecole ‚l‚mentaire Michoun,Nord,3.4
mai-10,12,Manifestation (Vestiaires Uniquement),,Sordelo,Service Sp‚cialis‚,Sud Est,5.2
mai-10,12,Ev‚nement DJ Promotion,,Stadium,Les Espaces du Stadium,Sud Est,5.3
mai-10,13,5Šme Tournoi de l'Amiti‚,,Argoulets,EUR AFRI FOOT,Est,4.3
mai-10,13,Tournoi de Football,,ASEAT,7 Notre quartier,Est,4.2
mai-10,13,Tournoi de Foot Poussins,,Pradettes,Jeunesse Sportive des Pradettes,Ouest,6.2
mai-10,14,Concours Officiels,,Croix Daurade,Club P‚tanque Croix Daurade,,
mai-10,"14 et 15

","UNGLOSS - Tournoi

", ,"La Ram‚e, Palais de la P‚tanque, SesquiŠres",CRAM,Ouest,6.2
mai-10,15,Tournoi de Foot,,La MounŠde,ETHIO Toulouse,Ouest,6.4
mai-10,15,Contest Skateboard,,Skate Park La Plaine,ARA,Est,4.3
mai-10,15,Inter Agros,,Piscine Pech David,Activ ' ENSAT,Sud Est,5.2
mai-10,15 et 16,Tournoi de l'Occitanie de Karat‚,,Compans,Comit‚ D‚partemental de Karat‚,Centre,1.2
mai-10,16,Concours de P‚tanque,,Lapujade,Club P‚tanque Lapujade,Est,4.1
mai-10,15 et 16,XIV Grand Prix Toulouse Triathlon,,La Ram‚e,TOAC Triathlon,Ouest,6.4
mai-10,18,Parlement du Sport - Organisation ‚vŠnements,,Stadium - Espace Loge 1er ‚tage,Direction des Sports,Sud Est,5.3
mai-10,19,Rallye - Sant‚ - Nutrition,,Merlettes,CPAM,Ouest,6.5
mai-10,19,Fˆte des Sports,,Cosec et Nouveau Mirail - Gymnase,Universit‚ Toulouse Mirail,Ouest,6.3
mai-10,19,les 1000 m“mes du 31,,Sordelo,Comit‚ D‚partemental de Hand Ball,Sud Est,5.2
mai-10,19 et 20,La Ronde de l'Izard,,Stadium - Parvis + salles,Association Ronde de l'Izard,Sud Est,5.3
mai-10,21 au 23,Demande de mat‚riel - Festival Maillol,,Maillol,Fˆtes et C‚r‚monies,,
mai-10,22,Contest Skateboard,,Skate Park La Plaine,ARA,Est,4.3
mai-10,22,Toulouse en Piste - Echauffement,,L‚o Lagrange,R‚gie G‚n‚rale Toulouse en Piste,centre,1.3
mai-10,22,Tournoi Ecole de Foot,,Canto Laouzetto,Toulouse Mirail,Ouest,6.3
mai-10,22,"Challenge ""Philippe ATHIEL""", ,"Gironis

",TAC Lafourguette,Ouest,6.5
mai-10,22,"1er Open Masters Toulouse

",,L‚o Lagrange,CD Natation,Centre,1.3
mai-10,22 et 23,Grand Prix de la Ville de Toulouse,,Mondonville,TEC - Sports de Boules,,
mai-10,22 et 23,Tournoi de Football,,MounŠde,Association Folklorique Villa Rose,Ouest,6.5
mai-10,22 et 23,10‚me Anniversaire TROPIK,,Marcel Cerdan,Tropik FC,Ouest,6.3
mai-10,22 et 23,9Šme Edition Tournoi Poussins,,Corbarieu - Terrains,Toulouse Empalot Football Club,Sud Est,5.3
mai-10,22 et 23,Open de France de Gealball,,Lalande,ATAACS,Nord,3.3
mai-10,23,Concours de P‚tanque,,Mirail - Boulodromme,"La Boule d'Or

",Ouest,6.3
mai-10,25,Tournoi annuel de foot,,Pradettes - Terrains,Aviation Civile,Ouest,6.2
mai-10,25,Citro‰n Business Tour 2010,,Stadium - Parvis,Les Espaces du Stadium,Sud Est,5.3
mai-10,26,Tournoi de Foot,,Sastres,TISSEO,Nord,3.4
mai-10,27,Cross Country,,La Ram‚e - Honneur,"Secteur des A.P.S - Service Sp‚cialis‚

",Ouest,6.4
mai-10,"26 au 30

","Volant d'Or Open International
(mis en place le 23, d‚montage le 31)
", ,Compans,Volant Club Toulousain,Centre,1.2
mai-10,"27 et 28

",Tournoi des Ecoles,,Argoulets - terrains,Association Rebonds,Est,4.2
mai-10,28,Gala de Boxe,,GIAT - Pierre Montan‚,Boxing Toulouse Bagatelle,Ouest,6.1
mai-10,28,"""Le Mai des Minimes""",,Arnaun‚ - Rugby Honneur,Toulouse Olympique XIII,Nord,3.1
mai-10,28,Balade Urbaine,,Quartier Ponts Demoiselle et Montaudran,Ecole Anatole France,Sud Est,5.3
mai-10,29,Go–ter de fin d'ann‚e,,Piscine des 7 Deniers,B‚b‚ Dauphins,Nord,3.2
mai-10,29,"6Šme Edition ""Gala Boxe Toulousain""",,GIAT - Pierre Montan‚,Boxing Club Toulousain,Ouest,6.1
mai-10," 29



","Finales Championnat par ‚quipes jeunes



",,Cosec Mirail,Comit‚ D‚partemental Tennis de Table,Ouest,6.3
mai-10,29,Tournoi Interclubs boxe ‚ducateurs,,GIAT - Pierre Montan‚,Racing Club Montan‚ Toulouse,Ouest,6.1
mai-10,29,Fˆte Annuelle  ,,Montaudran - terrains + terrain de Boules,A.S.C.M Montaudran (Fˆtes et C‚r‚monies),Sud Est,5.1
mai-10,29,Tournoi annuel de foot,,Struxiano - Terrains Synth‚tique et Herbe,Association Toulousaine des Etudiants Mauriciens,Sud Est,5.3
mai-10,"29 et 30

",Toulouse Touch Festival,,Complexe Sportif  de l'Hers - Stade Alain Coulon,Toulouse Touch,Est,4.3
mai-10,"29 et 30

","Championnat France Nationale 3
Natation Synchronis‚e
"," 



",Piscine L‚o Lagrange,Comit‚ Midi-Pyr‚n‚es de Natation,Centre,1.1
mai-10,"29 et 30

",Tournoi Foot en Salle,,Lalande,Ecole de Commerce IDRAC - Mr Benjamin LOZE,Nord,3.3
mai-10,"29 et 30

",Fˆte du Printemps,,"Gironis

",Association MOZAIK,Ouest,6.5
mai-10,30,Concours de P‚tanque,,Cours Dillon,Amicale P‚tanque Club du Ravelin,Centre,2.1
mai-10,30,Tournoi de Foot,,Faourette-Terrain,Association A.G.A.T.E,Ouest,6.3
mai-10,30,Rencontre Voltaire,,Boulodrome,Amicale Bouliste Colonne Marengo,,
mai-10,30,"""Le Mai des Minimes""",,Arnaun‚ - Rugby Honneur,Toulouse Olympique XIII,Nord,3.1
mai-10,31,Journ‚e Mondiale sans tabac,,"Gironis

",H“pital Marchant,Ouest,6.5
mai-10,31mai au 24 juin,Tournoi Inter Services,,Candie - Saudrune,Thales Inter Sports,Ouest,6.4
mai-10,31mai au 30 juin,2Šme Mondialito de Foot Entreprise,,Saint Simon,Etoile Sportive Saint Simon,Ouest,6.4
juin-10,1,Animation Scolaire,,Arnaune - Terrain d'Honneur,TO XIII,Nord,3.1
juin-10,2,Label Eco Citoyen,,"Argoulets - Nouveau Gymnase

",Direction de l'Education,Est,4.3
juin-10,2,Soir‚e Dallard,,Salle 1938,FRAM / T.F.C.,sud Est,5.3
juin-10,2,R‚union des saisonniers,,Stadium - Espaces Loges,Secteur des APS,sud Est,5.3
juin-10,3,Printemps des Maternelles,,"Gironis

",USEP 31 Haute Garonne,Ouest,6.5
juin-10,3,Sport Sant‚ Tau - Bouge une priorit‚ pour ta sant‚,,Nakache + Parvis Stadium,UNSS - Mutualit‚ Fran‡aise,Sud Est,5.3
juin-10,3,Soir‚e Orange,,Espace Sud du Stadium,FRAM / T.F.C.,sud Est,5.3
juin-10,3,Ateliers divers pour personnes handicap‚s,,Boulodrome du Bazacle,T.E.C,,
juin-10,4,Animation Scolaire,,Arnaune - Terrain d'Honneur,TO XIII,Nord,3.1
juin-10,"4 au 6

","Finales Ligue Midi-Pyr‚n‚es Basket Ball

",,Compans,Ligue Midi-Pyr‚n‚es de Basket,Centre,1.2
juin-10,5,10 ans du titre Championnat de France Rugby … 13,,Arnaun‚,Anciens Toulouse Spacer's XIII,Nord,3.1
juin-10,5,Tournoi de Foot A7,,Lardenne - Terrains,Athl‚tico Tolosa,Ouest,6.2
juin-10,5,Concours D‚partemental P‚tanque,,Parc Ecole Patte d'Oie,Bouling Club de Roguet,Ouest,6.1
juin-10,5,Repas de Rue,,"Gironis - Boulodrome

",Habitante du quartier Lafourguette,Ouest,6.5
juin-10,5,2‚me Tournoi International Jeunes,,Argoulets,Toulouse Union Hand Ball,Est,4.2
juin-10,5,Tournoi Volley 3x3,,Cosec Mirail et Nouveau,Association des Sourds de Tolosa,Ouest,6.3
juin-10,5,Fˆtes des Sports,,Bagatelle,APS / Sports,Rive Gauche,2.3
juin-10,5,Les C‚sars du Foot Citoyen Projet Delta,,Canto Laouzetto,ASTM - Ecole Sup‚rieure de Commerce - Mr Guitton - Projet Delta,Ouest,6.3
juin-10,5,Tournoi de Volley,,Struxiano,Association pour la Promotion de l'Activit‚,sud Est,5.3
juin-10,5 et 6,Championnat de France Corporatif Badminton,,GIAT - Pierre Montan‚,Ligue Midi Pyr‚n‚es Badminton,Ouest,6.1
juin-10,5 et 6,La Fˆte du Nautisme,,La Ram‚e - LAC,Comit‚ D‚partemental de Voile,Ouest,6.4
juin-10,5 et 6,Moove Sports,,Claude Nougaro - Gymnase,MOOVE les Minimes,Nord,3.1
juin-10,5 et 6,Tournoi Foot U7 - U15,,"Gironis

",TAC Foot,Ouest,6.5
juin-10,5 et 6,TOP 100 National - de 16 ans,,TOEC,Comit‚ Midi-Pyr‚n‚es de Rugby,Rive Gauche,2.1
juin-10,5 et 6,Tournoi International de Water Polo,,L‚o Lagrange,Stade Toulousain Natation,Centre,1.3
juin-10,6,Stage Perfectionnement,,Rangueil,Tha‹ Boxing Club,sud Est,5.2
juin-10,6,Vide Grenier,,Place Baudouin,"P‚tanque Casselardit

",Ouest,6.1
juin-10,9,Fˆte des Sports,,Jean Moulin,Maternelle et El‚mentaire Jules Julien,Sud Est,5.3
juin-10,9,23Šme Fˆte d'Empalot,,Daste et Corbarieu,HAZUR,Sud Est,5.3
juin-10,9,France / Egypte    ,,Z‚nith,Toulouse Hand ball,,
juin-10,9,Fˆte des Associations Basket,,Pont du Stadium,UNSS,Sud Est,5.3
juin-10,10,Tournoi + Barbecue,,Pradettes - Terrains,A.S.P.I.C,Ouest,6.2
juin-10,10,Soir‚e Conviviale,,Piscine Castex,Dauphins du Toec,sud Est,5.3
juin-10,10,Concours Officiels,,Croix Daurade,Club P‚tanque Croix Daurade,,
juin-10,11,Tournoi Partenaires,,Stadium,T.F.C.,Sud Est,5.3
juin-10,"11,12 et 13",Orangine / Beach Rugby,,SesquiŠres,Paulimaxi,Nord,3.3
juin-10,12,Mini Tournoi de Foot,,Pradettes,Centre Animation - Accueil Loisirs,Ouest,6.2
juin-10,12,40 ans AS La Faourette,,Terrain + Gymnase,AS La Faourette,Ouest,6.3
juin-10,12,Rencontres Ecole Vidal,,Boulodrome,Amicale Bouliste Colonne Marengo,,
juin-10,12,Fˆte annuelle des Pradettes,,Pradettes,Collectif des Associations des Pradettes,Ouest,6.2
juin-10,12,Fˆte du Club,,Struxiano - Terrains Synth‚tique et Herbe,Union Sportive Jules Julien,Sud Est,5.3
juin-10,12,Vide Grenier,,Boulodrome Amidonniers,Club de Boules le Tracassin,,
juin-10,12,7Šme Tournoi de Rugby … la Cocarde,,TOEC,Aoucous,Rive Gauche,2.1
juin-10,12,Inauguration Palais de P‚tanque Claudette Dumont,,Maison de la P‚tanque,Cabinet du Maire,,
juin-10,12,Fˆte du Club,,Stade Alain Coulon,TUC Rugby,Est,4.3
juin-10,12,Le Grand Bivouac,,Empalot,Animation Socio culturelle + MJC,Sud Est,5.3
juin-10,12 et 13,Coupe des R‚gions 2010,,Piscine L‚o Lagrange,Choks Hockey Subaquatique Toulouse,Centre,1.1
juin-10,12 et 13,9Šme National de la Digue, ,Cours Dillon,P‚tanque de la Ligue,Rive Gauche,2.1
juin-10,12 et 13,Tournoi et Fˆte de Fin d'ann‚e,,Cazal Lapujade,R.C. Bonnefoy,Nord,3.1
juin-10,12 et 13,Contest Skateboard,,Skate Park Place de l'Europe,ARA,,
juin-10,12 et 13,Tournoi F‚d‚ral Basket F.S.G.T.,,C‚piŠre,FSGT Basket,,
juin-10,13,Vide Grenier AS Hersoise,,TUC,AS Hersoise - Manif g‚r‚e par Fˆtes et C‚r‚monies,Est,4.3
juin-10,13,Animation,,Argoulets,Stade Toulousain BaseBall,Est,4.2
juin-10,13,4Šme Edition 4ever,,Pont du Stadium,ARA,Sud Est,5.3
juin-10,13,Tournoi de Basket Only The Strong Survive,,Compans,ARA,Centre,1.2
juin-10,13,Tournoi Annuel,,La Ram‚e,Toulouse Fontaines Club,Ouest,6.4
juin-10,13,"Passage de grade r‚gional

",,Toulouse Lautrec - Gymnase du Lyc‚e,Comit‚ r‚gional Tae Kwon Do,Nord,3.1
juin-10,14,Rencontre Sportive,,Pech David,Inspection Acad‚mique / Ecole Fourtanier,Sud Est,5.3
juin-10,14 au 18,Journ‚es d'Education th‚rapeutique de groupe,,L‚o Lagrange - Piscine - Gymnase,Enfance Adolescence et DiabŠte,Centre,1.3
juin-10,15,Manifestation - Journ‚e VTT,,Struxiano,Service Sp‚cialis‚,Est,4.3
juin-10,16,Fˆte des Associations Basket,,Pont du Stadium,UNSS,Sud Est,5.3
juin-10,16,R‚unions Pl‚niŠres - Parlement du Sport,,Stadium - Espaces Delsol,Direction des Sports,Sud Est,5.3
juin-10,17,Concours de Boules Lyonnaises,,Boulodrome - Avenue de la Gloire,Amicale Bouliste Salonique,,
juin-10,17,Manifestation,,Complexe de  l'Hers - Escrime + Club House,Service Sp‚cialis‚,Est,4.3
juin-10,18,Spectacle de fin d'ann‚e,,Pradettes - Gymnase,Arts du Cirque des Pradettes,Ouest,6.2
juin-10,18,Journ‚e Portes Ouvertes,,Reynerie,Ecole ‚l‚mentaire Gallia,Ouest,6.3
juin-10,18,Tournoi de Foot,,La Ram‚e,Airbus,Ouest,6.4
juin-10,18,Fˆte de Fin d'ann‚e,,Pierre et Marie Curie - Gymnase,Ecole El‚mentaire Pierre et Marie Curie,Nord,3.1
juin-10,18,Char de la Parade,,Cazal Lapujade - Parking,Comit‚ des Fˆtes Croix Daurade,Nord,3.1
juin-10,18 et 20,Challenge de l'Espace 2010, ,Argoulets,Toulouse Saint Jo Football Club,Est,4.3
juin-10,18,Fˆte fin d'ann‚e Ecole Natation,,L‚o Lagrange - Piscine,Dauphins du Toec,Centre,1.3
juin-10,19,Tournoi de Foot de la Solidarit‚,,MounŠde,Association Soleil,Ouest,6.4
juin-10,19,Fˆte de fin d'ann‚e,,Amouroux,APSAR,Nord,3.4
juin-10,19,Fˆte du Club,,Lautrec - Piscine,TOAC Airbus Natation,Nord,3.1
juin-10,19,Concours de P‚tanque,,Heracles,P‚tanque Heracles,Centre,1.2
juin-10,19,Journ‚e R‚colte de Fonds - Lutte contre la Polio,,L‚o Lagrange,Rotary Club - Toulouse Terre d'envol,Centre,1.3
juin-10,19,Tournoi Boxe Fran‡aise,,Compans,Tago Gym,Centre,1.2
juin-10,19,Garden Part'Est 2010,,GIAT - Pierre Montan‚,ICAM,Ouest,6.1
juin-10,19,Tournoi de Volley + Foot,,Cosec Mirail -  Gymnase + Terrain,Kanak de Toulouse,Ouest,6.5
juin-10,19,Tournoi U8 - U9,,Canto Laouzetto,ASTM,Ouest,6.3
juin-10,19,Coupe du Cotre,,Ohnet Georges,TAGO Gym,Ouest,6.3
juin-10,19,40 ans de l'IUT Paul Sabatier,,Candie - Saudrune,IUT Toulouse,Ouest,6.4
juin-10,19 et 20,Tournoi Annuel,,Complexe Borderouge - Sastres,Jeune Entente Toulousaine,Nord,4.3
juin-10,19 et 20,Tournoi Annuel,,Lardenne,Association Toulouse Lardenne,Ouest,6.2
juin-10,20,Animation,,Argoulets,Stade Toulousain BaseBall,Est,4.2
juin-10,20,Passage de Test,,Comit‚ D‚partemental Natation,L‚o Lagrange - Piscine,Centre,1.3
juin-10,20,Rencontres Club P‚tanque,,Boulodrome,Amicale Bouliste Colonne Marengo,,
juin-10,20,Concours,,Boulodrome Du Club,La Boule du Rugby,,
juin-10,20,Course,,Canto Laouzetto,G‚n‚ration Plus - Ecole la ClairiŠre,Ouest,6.3
juin-10,20,Tournoi de Foot,,MounŠde,Communaut‚ Africaine GERCA,Ouest,6.4
juin-10,"21 et 22


",Rencontre Inter Ecole de Hand Ball,,Struxiano,Inspection Acad‚mique,Sud Est,5.1
juin-10,22 et 23,Retransmission Coupe du Monde,,Bagatelle - Halle Couverte,DDS - Collectif des Habitants,Rive Gauche,2.3
juin-10,22 et 23,Gala de fin d'ann‚e,,Fraternit‚,T.S.G.,Est,4.2
juin-10,24,Nos quartiers ont des talents,,Espace du Stadium,FRAM / T.F.C.,Sud Est,35.3
juin-10,25,Kermesse de l'Ecole,,Saint Sernin,Ecole Maternelle Merly,Centre,1.2
juin-10,25,Course de l'espace,,Chƒteau de l'Hers - Sanitaire,Fˆtes et C‚r‚monies,Est,4.3
juin-10,du 25 /06 au 31/07,Sous les Toiles,,Daste,Karavan,Sud Est,5.3
juin-10,"25, 26 et 27",2Šme Edition Rock et Rose - Tournoi Europ‚en,,Compans - Gymnase,Stade Toulousain Rugby Handisport,Centre,1.2
juin-10,"25, 26 et 27",Championnat R‚gionnal de Classement 2010 de Natation,,Piscine L‚o Lagrange,TOAC Natation,Centre,1.1
juin-10,26,Tournoi de Foot,,Toulouse Lautrec,Etudiants S‚n‚galais,Nord,3.1
juin-10,26,Pot de fin de saison,,Fraternit‚,T.C.P,Est,4.2
juin-10,26,Accueil Villes de France,,Boulodrome,Amicale Bouliste Colonne Marengo,,
juin-10,26,Journ‚e Sportive,,Chƒteau de l'Hers,Chronopost,Est,4.3
juin-10,26,Manifestation Sportive,,Grande Plaine - Terrains de libre accŠs,ARAPL,Est,4.3
juin-10,26,Fˆte du Club,,Rangueil,Toulouse Rangueil Football Club,sud Est,5.2
juin-10,26,Loto,,Bagatelle - Halle,"Stop … la Violence

",Rive Gauche,2.3
juin-10,26,Fˆte du Club,,Rangueil,Coquelicot Toulouse Gym,Sud Est,5.3
juin-10,26,Fˆte du Club,,Saint Simon,Etoile Sportive Saint Simon,Ouest,6.4
juin-10,26,Vide Grenier,,Mirail,Fˆtes et C‚r‚monies,Ouest,6.3
juin-10,27,Animation,,Argoulets,Stade Toulousain BaseBall,Est,4.2
juin-10,27,Tournoi de Green Volley,,Lardenne,Toulouse Lardenne,Ouest,6.2
juin-10,27,Rencontres Ligue Mondiale de Volley, ,Palais des Sports,Ligue Mondiale de Volley,Centre,1.2
juin-10,27,Animation de fin de saison,,Argoulets - Patinoire,Toulouse Blagnac Hockey Club,Est,4.2
juin-10,27,Concours de Boules,,Amidonniers,Club Bouliste le Tracassin,,
juin-10,28,Pot de fin de saison,,Valmy - salle de r‚union,Arts Martiaux Toulouse Mirail,Ouest,6.3
juin-10,28,Loto,,Daste,Association Loisirs Plaisirs 31,sud Est,5.3
juin-10,29,Tournoi des Ecoles,,Arnaun‚ - Honneur + Synth‚tique,TO XIII,Nord,3.1
juin-10,30,Tournoi de Foot,, MounŠde,l'ESSOR Toulouse,Ouest,6.4
